{"is_source_file": false, "format": "", "description": "", "external_files": [], "external_methods": [], "published": [], "classes": [], "methods": [], "calls": [], "search-terms": [], "state": 2, "file_id": 15, "knowledge_revision": 37, "git_revision": "57e6b74cd2b7bc06e69081df27192895e9deeda1", "hash": "448c65f2618eac91cb0718540996359a", "format-version": 4, "code-base-name": "react_frontend", "filename": "react_frontend/README.md", "revision_history": [{"37": "57e6b74cd2b7bc06e69081df27192895e9deeda1"}]}