{"is_source_file": true, "format": "TypeScript", "description": "This file is the main entry point for an Angular frontend application, responsible for bootstrapping the app with the root component and configuration.", "external_files": ["@angular/platform-browser", "./app/app.config", "./app/app.component"], "external_methods": ["bootstrapApplication"], "published": [], "classes": [], "methods": [{"name": "bootstrapApplication", "description": "Method to bootstrap the Angular application with the root component and configuration."}], "calls": ["bootstrapApplication"], "search-terms": ["Angular", "bootstrapApplication", "main.ts", "appConfig", "AppComponent"], "state": 2, "file_id": 3, "knowledge_revision": 27, "git_revision": "57e6b74cd2b7bc06e69081df27192895e9deeda1", "ctags": [], "hash": "c986c915181c0d91d6ea1af9fc003131", "format-version": 4, "code-base-name": "react_frontend", "filename": "react_frontend/src/main.ts", "revision_history": [{"27": "57e6b74cd2b7bc06e69081df27192895e9deeda1"}]}