{"is_source_file": true, "format": "TypeScript", "description": "This file sets up an Express server that serves static files from a browser distribution folder and handles all other routes by rendering an Angular application server-side using @angular/ssr. It also starts the server if run as the main module.", "external_files": ["@angular/common", "@angular/ssr/node", "express", "node:path", "node:url", "./main.server"], "external_methods": ["isMainModule"], "published": ["app"], "classes": [], "methods": [{"name": "undefined (Express route handlers and conditional startup)", "description": "Defines Express route handlers for static file serving and server-side rendering, and conditionally starts the server if executed as the main module."}], "calls": ["express.static", "commonEngine.render", "app.listen"], "search-terms": ["Angular SSR server", "Express static server", "Node server setup", "Angular CommonEngine"], "state": 2, "file_id": 2, "knowledge_revision": 29, "git_revision": "57e6b74cd2b7bc06e69081df27192895e9deeda1", "ctags": [{"_type": "tag", "name": "app", "path": "/home/kavia/workspace/code-generation/weighted-wheel-picker-201651-201660/react_frontend/src/server.ts", "pattern": "/^const app = express();$/", "language": "TypeScript", "kind": "constant"}, {"_type": "tag", "name": "baseUrl", "path": "/home/kavia/workspace/code-generation/weighted-wheel-picker-201651-201660/react_frontend/src/server.ts", "pattern": "/^  const { protocol, originalUrl, baseUrl, headers } = req;$/", "language": "TypeScript", "kind": "constant"}, {"_type": "tag", "name": "browserDistFolder", "path": "/home/kavia/workspace/code-generation/weighted-wheel-picker-201651-201660/react_frontend/src/server.ts", "pattern": "/^const browserDistFolder = resolve(serverDistFolder, '..\\/browser');$/", "language": "TypeScript", "kind": "constant"}, {"_type": "tag", "name": "commonEngine", "path": "/home/kavia/workspace/code-generation/weighted-wheel-picker-201651-201660/react_frontend/src/server.ts", "pattern": "/^const commonEngine = new CommonEngine();$/", "language": "TypeScript", "kind": "constant"}, {"_type": "tag", "name": "headers", "path": "/home/kavia/workspace/code-generation/weighted-wheel-picker-201651-201660/react_frontend/src/server.ts", "pattern": "/^  const { protocol, originalUrl, baseUrl, headers } = req;$/", "language": "TypeScript", "kind": "constant"}, {"_type": "tag", "name": "indexHtml", "path": "/home/kavia/workspace/code-generation/weighted-wheel-picker-201651-201660/react_frontend/src/server.ts", "pattern": "/^const indexHtml = join(serverDistFolder, 'index.server.html');$/", "language": "TypeScript", "kind": "constant"}, {"_type": "tag", "name": "originalUrl", "path": "/home/kavia/workspace/code-generation/weighted-wheel-picker-201651-201660/react_frontend/src/server.ts", "pattern": "/^  const { protocol, originalUrl, baseUrl, headers } = req;$/", "language": "TypeScript", "kind": "constant"}, {"_type": "tag", "name": "port", "path": "/home/kavia/workspace/code-generation/weighted-wheel-picker-201651-201660/react_frontend/src/server.ts", "pattern": "/^  const port = process.env['PORT'] || 4000;$/", "language": "TypeScript", "kind": "constant"}, {"_type": "tag", "name": "protocol", "path": "/home/kavia/workspace/code-generation/weighted-wheel-picker-201651-201660/react_frontend/src/server.ts", "pattern": "/^  const { protocol, originalUrl, baseUrl, headers } = req;$/", "language": "TypeScript", "kind": "constant"}, {"_type": "tag", "name": "serverDistFolder", "path": "/home/kavia/workspace/code-generation/weighted-wheel-picker-201651-201660/react_frontend/src/server.ts", "pattern": "/^const serverDistFolder = dirname(fileURLToPath(import.meta.url));$/", "language": "TypeScript", "kind": "constant"}], "hash": "2b01cdd40bb909f26c1bcd609dfb8a51", "format-version": 4, "code-base-name": "react_frontend", "filename": "react_frontend/src/server.ts", "revision_history": [{"29": "57e6b74cd2b7bc06e69081df27192895e9deeda1"}]}