{"is_source_file": true, "format": "TypeScript (Angular test specification)", "description": "This file contains unit tests for the Angular AppComponent, verifying its creation, title property, and rendering of the title within the DOM.", "external_files": ["./app.component"], "external_methods": ["TestBed.configureTestingModule", "TestBed.createComponent", "fixture.detectChanges", "fixture.nativeElement", "expect"], "published": [], "classes": [{"name": "AppComponent", "description": "The main application component being tested."}], "methods": [{"name": "beforeEach", "description": "Sets up the testing environment asynchronously before each test, configuring the test module with the AppComponent."}, {"name": "it", "description": "Defines individual test cases for different aspects of the AppComponent, such as creation, title property, and rendering."}], "calls": ["TestBed.configureTestingModule", "TestBed.createComponent", "fixture.detectChanges", "expect"], "search-terms": ["Angular", "unit test", "AppComponent", "spec.ts", "TestBed", "createComponent", "detectChanges", "nativeElement", "title", "render"], "state": 2, "file_id": 9, "knowledge_revision": 28, "git_revision": "57e6b74cd2b7bc06e69081df27192895e9deeda1", "ctags": [{"_type": "tag", "name": "app", "path": "/home/kavia/workspace/code-generation/weighted-wheel-picker-201651-201660/react_frontend/src/app/app.component.spec.ts", "pattern": "/^    const app = fixture.componentInstance;$/", "language": "TypeScript", "kind": "constant"}, {"_type": "tag", "name": "compiled", "path": "/home/kavia/workspace/code-generation/weighted-wheel-picker-201651-201660/react_frontend/src/app/app.component.spec.ts", "pattern": "/^    const compiled = fixture.nativeElement as HTMLElement;$/", "language": "TypeScript", "kind": "constant"}, {"_type": "tag", "name": "fixture", "path": "/home/kavia/workspace/code-generation/weighted-wheel-picker-201651-201660/react_frontend/src/app/app.component.spec.ts", "pattern": "/^    const fixture = TestBed.createComponent(AppComponent);$/", "language": "TypeScript", "kind": "constant"}], "hash": "5bff32fedc85513ebb007e779659ab1b", "format-version": 4, "code-base-name": "react_frontend", "filename": "react_frontend/src/app/app.component.spec.ts", "revision_history": [{"28": "57e6b74cd2b7bc06e69081df27192895e9deeda1"}]}