{"is_source_file": false, "format": "", "description": "", "external_files": [], "external_methods": [], "published": [], "classes": [], "methods": [], "calls": [], "search-terms": [], "state": 2, "file_id": 8, "knowledge_revision": 23, "git_revision": "57e6b74cd2b7bc06e69081df27192895e9deeda1", "hash": "b9a65cdb5bc86c04cfa95119ad2adec6", "format-version": 4, "code-base-name": "react_frontend", "filename": "react_frontend/src/app/app.component.css", "revision_history": [{"23": "57e6b74cd2b7bc06e69081df27192895e9deeda1"}]}