{"is_source_file": true, "format": "TypeScript", "description": "Angular component file defining the root app component, including selector, template and style references, and a title property.", "external_files": ["./app.component.html", "./app.component.css"], "external_methods": [], "published": ["AppComponent"], "classes": [{"name": "AppComponent", "description": "Angular component class representing the root component of the application with a title property."}], "methods": [{"name": "AppComponent", "description": "Constructor of AppComponent class (default, no explicit constructor defined)."}], "calls": [], "search-terms": ["Angular", "Component", "app-root", "app.component"], "state": 2, "file_id": 7, "knowledge_revision": 26, "git_revision": "57e6b74cd2b7bc06e69081df27192895e9deeda1", "ctags": [{"_type": "tag", "name": "AppComponent", "path": "/home/kavia/workspace/code-generation/weighted-wheel-picker-201651-201660/react_frontend/src/app/app.component.ts", "pattern": "/^export class AppComponent {$/", "language": "TypeScript", "kind": "class"}, {"_type": "tag", "name": "title", "path": "/home/kavia/workspace/code-generation/weighted-wheel-picker-201651-201660/react_frontend/src/app/app.component.ts", "pattern": "/^  title = 'react_frontend is being generated';$/", "language": "TypeScript", "kind": "property", "scope": "AppComponent", "scopeKind": "class"}], "hash": "ec65ed3afab880c02dd2b02c1f11cca5", "format-version": 4, "code-base-name": "react_frontend", "filename": "react_frontend/src/app/app.component.ts", "fields": [{"name": "title = 'react_frontend is being generated';", "scope": "AppComponent", "scopeKind": "class", "description": "unavailable"}], "revision_history": [{"26": "57e6b74cd2b7bc06e69081df27192895e9deeda1"}]}