{"is_source_file": false, "format": "", "description": "", "external_files": [], "external_methods": [], "published": [], "classes": [], "methods": [], "calls": [], "search-terms": [], "state": 2, "file_id": 11, "knowledge_revision": 36, "git_revision": "57e6b74cd2b7bc06e69081df27192895e9deeda1", "hash": "76952b112594265d2e9481c534c6b718", "format-version": 4, "code-base-name": "react_frontend", "filename": "react_frontend/src/index.html", "revision_history": [{"36": "57e6b74cd2b7bc06e69081df27192895e9deeda1"}]}