{"is_source_file": false, "format": "", "description": "", "external_files": [], "external_methods": [], "published": [], "classes": [], "methods": [], "calls": [], "search-terms": [], "state": 2, "file_id": 16, "knowledge_revision": 32, "git_revision": "57e6b74cd2b7bc06e69081df27192895e9deeda1", "hash": "3bbab7796b2ab5af73dcc4b5f9064535", "format-version": 4, "code-base-name": "react_frontend", "filename": "react_frontend/tsconfig.spec.json", "revision_history": [{"32": "57e6b74cd2b7bc06e69081df27192895e9deeda1"}]}