{"is_source_file": false, "format": null, "description": null, "external_files": [], "external_methods": [], "published": [], "classes": [], "methods": [], "calls": [], "search-terms": [], "state": 2, "file_id": 20, "knowledge_revision": 40, "git_revision": "57e6b74cd2b7bc06e69081df27192895e9deeda1", "hash": "7d3465ee11a90f93aaf340848e66ce1e", "format-version": 4, "code-base-name": "react_frontend", "filename": "react_frontend/angular.json", "revision_history": [{"40": "57e6b74cd2b7bc06e69081df27192895e9deeda1"}]}