{"is_source_file": true, "format": "TypeScript", "description": "This file is responsible for initializing and bootstrapping an Angular application on the server side, importing necessary functions and components, and exporting a bootstrap function.", "external_files": ["@angular/platform-browser", "./app/app.component", "./app/app.config.server"], "external_methods": ["bootstrapApplication"], "published": ["bootstrap"], "classes": [], "methods": [{"name": "bootstrap", "description": "A function that calls Angular's bootstrapApplication with AppComponent and configuration, used to initialize the server-side application."}], "calls": ["bootstrapApplication"], "search-terms": ["main.server.ts", "bootstrapApplication", "AppComponent", "app.config.server", "server-side bootstrap"], "state": 2, "file_id": 13, "knowledge_revision": 41, "git_revision": "57e6b74cd2b7bc06e69081df27192895e9deeda1", "ctags": [{"_type": "tag", "name": "bootstrap", "path": "/home/kavia/workspace/code-generation/weighted-wheel-picker-201651-201660/react_frontend/src/main.server.ts", "pattern": "/^const bootstrap = () => bootstrapApplication(AppComponent, config);$/", "language": "TypeScript", "kind": "constant"}], "hash": "2f67d3e7163632b8f077f15a810789b6", "format-version": 4, "code-base-name": "react_frontend", "filename": "react_frontend/src/main.server.ts", "revision_history": [{"41": "57e6b74cd2b7bc06e69081df27192895e9deeda1"}]}