{"is_source_file": true, "format": "TypeScript", "description": "This file configures server-specific settings for an Angular application, merging the general application configuration with server-side rendering capabilities.", "external_files": ["@angular/core", "@angular/platform-server", "./app.config"], "external_methods": ["mergeApplicationConfig", "provideServerRendering"], "published": ["config"], "classes": [], "methods": [{"name": "mergeApplicationConfig", "description": "Merges multiple application configurations into one."}, {"name": "provideServerRendering", "description": "Provides server rendering support."}], "calls": ["provideServerRendering()", "mergeApplicationConfig(appConfig, serverConfig)"], "search-terms": ["Angular server configuration", "app configuration merge", "server rendering setup", "app.config.server.ts"], "state": 2, "file_id": 10, "knowledge_revision": 34, "git_revision": "57e6b74cd2b7bc06e69081df27192895e9deeda1", "ctags": [{"_type": "tag", "name": "config", "path": "/home/kavia/workspace/code-generation/weighted-wheel-picker-201651-201660/react_frontend/src/app/app.config.server.ts", "pattern": "/^export const config = mergeApplicationConfig(appConfig, serverConfig);$/", "language": "TypeScript", "kind": "constant"}, {"_type": "tag", "name": "serverConfig", "path": "/home/kavia/workspace/code-generation/weighted-wheel-picker-201651-201660/react_frontend/src/app/app.config.server.ts", "pattern": "/^const serverConfig: ApplicationConfig = {$/", "language": "TypeScript", "kind": "constant"}], "hash": "9fcafd12104018b7fb74bad3e42a1977", "format-version": 4, "code-base-name": "react_frontend", "filename": "react_frontend/src/app/app.config.server.ts", "revision_history": [{"34": "57e6b74cd2b7bc06e69081df27192895e9deeda1"}]}