{"is_source_file": false, "format": "", "description": "", "external_files": [], "external_methods": [], "published": [], "classes": [], "methods": [], "calls": [], "search-terms": [], "state": 2, "file_id": 18, "knowledge_revision": 35, "git_revision": "57e6b74cd2b7bc06e69081df27192895e9deeda1", "hash": "64cc45ff2b7dc220b2fb18a2e8d96ce8", "format-version": 4, "code-base-name": "react_frontend", "filename": "react_frontend/tsconfig.json", "revision_history": [{"35": "57e6b74cd2b7bc06e69081df27192895e9deeda1"}]}