{"is_source_file": true, "format": "TypeScript", "description": "This file defines the route configuration for an Angular application, exporting an empty array of routes.", "external_files": ["@angular/router"], "external_methods": ["Routes"], "published": ["routes"], "classes": [], "methods": [], "calls": [], "search-terms": ["app.routes", "Angular routing", "Routes array", "Angular Router"], "state": 2, "file_id": 5, "knowledge_revision": 24, "git_revision": "57e6b74cd2b7bc06e69081df27192895e9deeda1", "ctags": [{"_type": "tag", "name": "routes", "path": "/home/kavia/workspace/code-generation/weighted-wheel-picker-201651-201660/react_frontend/src/app/app.routes.ts", "pattern": "/^export const routes: Routes = [];$/", "language": "TypeScript", "kind": "constant"}], "hash": "9e82134f3e41732656270447c4c872fe", "format-version": 4, "code-base-name": "react_frontend", "filename": "react_frontend/src/app/app.routes.ts", "revision_history": [{"24": "57e6b74cd2b7bc06e69081df27192895e9deeda1"}]}