{"is_source_file": false, "format": "", "description": "", "external_files": [], "external_methods": [], "published": [], "classes": [], "methods": [], "calls": [], "search-terms": [], "state": 2, "file_id": 17, "knowledge_revision": 39, "git_revision": "57e6b74cd2b7bc06e69081df27192895e9deeda1", "hash": "9a89dca91155c7dbd9e00b0c719cb194", "format-version": 4, "code-base-name": "react_frontend", "filename": "react_frontend/eslint.config.mjs", "revision_history": [{"39": "57e6b74cd2b7bc06e69081df27192895e9deeda1"}]}