{"is_source_file": false, "format": "", "description": "", "external_files": [], "external_methods": [], "published": [], "classes": [], "methods": [], "calls": [], "search-terms": [], "state": 2, "file_id": 14, "knowledge_revision": 30, "git_revision": "57e6b74cd2b7bc06e69081df27192895e9deeda1", "hash": "01baab25e7c57e65c9edc86e42c126e8", "format-version": 4, "code-base-name": "react_frontend", "filename": "react_frontend/package.json", "revision_history": [{"30": "57e6b74cd2b7bc06e69081df27192895e9deeda1"}]}