{"is_source_file": true, "format": "TypeScript", "description": "This file configures the Angular application at startup, setting up providers such as zone change detection, routing, and client hydration.", "external_files": ["@angular/core", "@angular/platform-browser", "./app.routes"], "external_methods": ["provideZoneChangeDetection", "provideRouter", "provideClientHydration", "withEventReplay"], "published": ["appConfig"], "classes": [], "methods": [{"name": "appConfig", "description": "The main application configuration object that defines providers and application setup."}], "calls": ["provideZoneChangeDetection({ eventCoalescing: true })", "provideRouter(routes)", "provideClientHydration(withEventReplay())"], "search-terms": ["Angular app configuration", "application setup", "zone change detection", "client hydration", "routing provider"], "state": 2, "file_id": 4, "knowledge_revision": 31, "git_revision": "57e6b74cd2b7bc06e69081df27192895e9deeda1", "ctags": [{"_type": "tag", "name": "appConfig", "path": "/home/kavia/workspace/code-generation/weighted-wheel-picker-201651-201660/react_frontend/src/app/app.config.ts", "pattern": "/^export const appConfig: ApplicationConfig = {$/", "language": "TypeScript", "kind": "constant"}], "hash": "ddcd5a984786347b39d244da3ac0d836", "format-version": 4, "code-base-name": "react_frontend", "filename": "react_frontend/src/app/app.config.ts", "revision_history": [{"31": "57e6b74cd2b7bc06e69081df27192895e9deeda1"}]}