{"is_source_file": false, "format": "", "description": "", "external_files": [], "external_methods": [], "published": [], "classes": [], "methods": [], "calls": [], "search-terms": [], "state": 2, "file_id": 12, "knowledge_revision": 33, "git_revision": "57e6b74cd2b7bc06e69081df27192895e9deeda1", "hash": "ed87f0986ed05a71a6cf69cb9768e2a9", "format-version": 4, "code-base-name": "react_frontend", "filename": "react_frontend/src/styles.css", "revision_history": [{"33": "57e6b74cd2b7bc06e69081df27192895e9deeda1"}]}