{"is_source_file": false, "format": "", "description": "", "external_files": [], "external_methods": [], "published": [], "classes": [], "methods": [], "calls": [], "search-terms": [], "state": 2, "file_id": 19, "knowledge_revision": 38, "git_revision": "57e6b74cd2b7bc06e69081df27192895e9deeda1", "hash": "a88a471f435da6e3fe5e31affcd559af", "format-version": 4, "code-base-name": "react_frontend", "filename": "react_frontend/tsconfig.app.json", "revision_history": [{"38": "57e6b74cd2b7bc06e69081df27192895e9deeda1"}]}