{"is_source_file": false, "format": "", "description": "", "external_files": [], "external_methods": [], "published": [], "classes": [], "methods": [], "calls": [], "search-terms": [], "state": 2, "file_id": 6, "knowledge_revision": 22, "git_revision": "57e6b74cd2b7bc06e69081df27192895e9deeda1", "hash": "c943f83c5c83b9b7adf2bae69cf658ea", "format-version": 4, "code-base-name": "react_frontend", "filename": "react_frontend/src/app/app.component.html", "revision_history": [{"22": "57e6b74cd2b7bc06e69081df27192895e9deeda1"}]}